{
  "Component-preload.js.map": 1712484568465,
  "test/integration/FirstJourney.js": 1712483770215,
  "test/integration/pages/PatientList.js": 1712483770091,
  "test/integration/opaTests.qunit.js": 1712483769835,
  "test/integration/pages/PatientObjectPage.js": 1712483770099,
  "test/testsuite.qunit.js": 1712483769743,
  "xs-app.json": 1712484544173,
  "manifest.json": 1712484544473,
  "Component.js": 1712483769671,
  "test/integration/FirstJourney-dbg.js": 1712483770215,
  "test/integration/FirstJourney.js.map": 1712484568372,
  "test/integration/pages/PatientList-dbg.js": 1712483770091,
  "test/integration/pages/PatientList.js.map": 1712484568368,
  "test/integration/opaTests.qunit-dbg.js": 1712483769835,
  "test/integration/opaTests.qunit.js.map": 1712484568378,
  "test/integration/pages/PatientObjectPage-dbg.js": 1712483770099,
  "test/integration/pages/PatientObjectPage.js.map": 1712484568379,
  "test/testsuite.qunit-dbg.js": 1712483769743,
  "test/testsuite.qunit.js.map": 1712484568375,
  "Component-dbg.js": 1712483769671,
  "Component.js.map": 1712484568375,
  "Component-preload.js": 1712484568465,
  "i18n/i18n.properties": 1712483794871,
  "test/integration/opaTests.qunit.html": 1712483769835,
  "test/testsuite.qunit.html": 1712483769739,
  "test/flpSandbox.html": 1712483769739,
  "index.html": 1712483769683
}